dataset,group,paf__occipital__median,theta_alpha_ratio__central__median,rel_power_alpha__occipital__median,rel_power_theta__frontal__median,rel_power_beta__occipital__median,spectral_entropy__occipital__median,hjorth_complexity__occipital__median
ds007526,HC,11.1,0.5367429796114904,0.3064446401876606,0.10824000215631556,0.26483338091773984,0.7355732933540606,1.953991318676589
ds007526,HC,9.4,0.132773459728132,0.7777837402429167,0.07046159857065513,0.09473423715107175,0.6118359014840183,1.8468508771675993
ds007526,HC,8.8,0.2137795362175296,0.758517588595207,0.07819554379562019,0.08268711664405742,0.5375718518789281,1.556967227232453
ds007526,HC,9.6,1.2250634367607205,0.13059672668037273,0.10758357401240567,0.35557633208540457,0.7804439166662448,1.9812479615279515
ds007526,HC,9.9,1.169708350808368,0.22650296503520279,0.14406671366989277,0.3832907117960619,0.8394822879229975,1.656326026360622
ds007526,HC,8.9,0.3124851992317934,0.5883084027384831,0.10469839757663241,0.1093759257373384,0.6222175296544934,1.8272195474137254
ds007526,HC,9.3,0.24591000284709658,0.7094437255838588,0.11983655495378813,0.09585862744059931,0.619888182575037,1.7564817725534079
ds007526,HC,10.2,0.3321473591494206,0.36569742288584806,0.08408349823210709,0.4196025889477897,0.7946167698085915,1.5149218528764368
ds007526,HC,9.2,0.40091562503113937,0.5049603429506925,0.1297422772961091,0.11782267619298033,0.6754082570936976,2.019498109092251
ds007526,HC,9.4,0.6331037375178378,0.3164450361363923,0.09801480312331677,0.3201747596418768,0.7653777324332094,1.806048212063422
ds007526,HC,9.6,0.7687803296561414,0.29697113096587835,0.17814908704041965,0.23388384576348054,0.7565809026014316,1.7794528366004836
ds007526,HC,10.05,0.3545046102461322,0.43053286277307923,0.12748490186988964,0.34553887943948647,0.7409734205666474,1.622733350787168
ds007526,HC,10.0,1.647365463304089,0.13268096958771156,0.1509364207757957,0.3682710216892813,0.7896628492978313,1.9019488900480397
ds007526,HC,10.4,1.1605974173512383,0.1371472827671618,0.11639540986728615,0.4264180021149474,0.7899599265116307,1.7824623727906372
ds007526,HC,9.9,0.19380169328430008,0.8123841511316273,0.0752816619218632,0.08057308899124466,0.5490362014518142,1.5803021715764112
ds007526,HC,10.9,0.5328461660070835,0.3475609567399372,0.12141759177559486,0.31153232496766525,0.7811633032077012,1.7608640834928653
ds007526,HC,10.3,0.3325673017809055,0.4836979810710836,0.0940991240701162,0.2955597037930042,0.7100478113852666,1.5849289484146971
ds007526,HC,10.1,0.15635144486900404,0.8080062639802639,0.07686203748855544,0.08386600728912218,0.5678700493480756,1.6017189984930504
ds007526,HC,9.5,0.3468858404532482,0.5883992550391108,0.10615236971986182,0.11709761784113873,0.639974695198321,1.847380664832222
ds007526,HC,9.5,0.629602971302254,0.3515615796870829,0.16637323389636025,0.2117196065810906,0.7274464909252742,1.8011506259216912
ds007526,HC,10.0,0.9882876559495756,0.24293413706493072,0.13262716314103618,0.2544870677799259,0.7687319667422925,2.0899789714054413
ds007526,HC,9.8,0.13188231571969528,0.8642664970080411,0.07385207585868533,0.06782551910192094,0.5349394252685584,1.535961367415196
ds007526,HC,8.4,0.6717498666325272,0.507165467549356,0.2125562230940922,0.15201005409497312,0.6622888821762017,1.7211285612637597
ds007526,HC,9.6,0.5796205159162456,0.5041634024288579,0.1609073921314983,0.12081036990675253,0.6629282461467686,2.10158890729247
ds007526,HC,9.2,1.1233198391588533,0.20978494143719045,0.15811799275511348,0.27670750910769537,0.7644525390065642,2.059345456579401
ds007526,HC,8.6,0.646200513846901,0.5398799049124465,0.21224591893866787,0.11185119473690308,0.602078197530286,1.7231032751458422
ds007526,HC,9.5,0.3793657805784458,0.47852659631018957,0.09054112817144411,0.23628171430615313,0.7355526560832175,1.7841907572939875
ds007526,PD,9.2,0.3929137239138694,0.6628509835587238,0.1563235256098493,0.1841683405706835,0.645260266203482,1.5922082418674885
ds007526,PD,9.1,0.22984280593528114,0.7078358217193882,0.13731340389105862,0.11045770180300463,0.6300610970523619,1.753509016961781
ds007526,PD,9.3,0.24909957493969803,0.5414098835704528,0.11421167343893278,0.2170941293843069,0.735720068104605,1.8284674761889153
ds007526,PD,10.4,0.155752202958738,0.8045860632987747,0.07500511141090263,0.10096565845884709,0.5318483174364792,1.6479017432370742
ds007526,PD,10.6,1.261010019845477,0.2023938849648518,0.09782780241485017,0.19598588917975338,0.6940530803542869,2.089033440550719
ds007526,PD,9.1,0.18686148049651402,0.7538650635907913,0.10722968354259504,0.10489226556240097,0.585934116115963,1.7977901207228875
ds007526,PD,8.4,1.6325676164970127,0.2408997378703261,0.3233027813995602,0.07081806211402232,0.6477226722625703,2.391372670391032
ds007526,PD,9.0,0.222727888622263,0.6341133531284069,0.10534459131874671,0.09431298539864841,0.6308420406060629,1.913493224910646
ds007526,PD,8.2,0.3541624736646144,0.5650821749226798,0.17637290032364067,0.09979349312567395,0.6045141207267238,1.9076186149884198
ds007526,PD,8.5,0.47043671003370474,0.6167723123834945,0.20280271429347158,0.11695433894272952,0.6053290131037757,1.8757651309774932
ds007526,PD,10.6,0.34515766407966536,0.4228981082145585,0.11039180736572828,0.31564164426036245,0.7733654138107615,1.6483713480969358
ds007526,PD,8.4,1.0254211787980476,0.41929414853041963,0.34268541243159356,0.09126812603724227,0.6411091663769608,2.023696469678976
ds007526,PD,9.05,2.042294123727521,0.15873417548377178,0.28881015167373203,0.1915560252373235,0.735022738466732,2.252459874151775
ds007526,PD,8.6,1.486469284576024,0.15610154885092264,0.19560249694647064,0.12409070328541039,0.661643367558904,2.673038975325892
ds007526,PD,8.7,0.30222685759061646,0.5538219979949375,0.12431879407020537,0.15081345366422144,0.6793693798288458,1.8731375168006899
ds007526,PD,9.7,0.29799009275757465,0.6400490037207435,0.11162330674478776,0.16064057093458145,0.6942778616631629,1.860138454788908
ds007526,PD,8.5,1.2229019980660505,0.32404274099543295,0.2517198925407621,0.1348720820021179,0.7135946951325745,2.2464249960670517
ds007526,PD,9.4,1.8091293986223125,0.16572842382945824,0.1470294248768789,0.20476609679654026,0.7407650824141905,2.192890972591357
ds007526,PD,8.9,1.3937471516850009,0.19430626563707204,0.23791790921696285,0.3262450157862833,0.7929818811992795,1.9030215988415384
ds007526,PD,8.7,0.43206087638726914,0.6735691264513378,0.17476212473959032,0.06190554529362831,0.5772812637229374,1.9356574160126339
ds007526,PD,8.4,0.3158923514609704,0.6444733388898118,0.11826691358925001,0.09908984812677199,0.5422451465054311,1.8522343523420886
ds007526,PD,11.1,0.9543919361625327,0.19510871663229268,0.13640870895847096,0.46617081280976613,0.8411163297928553,1.6564670543000752
ds007526,PD,10.5,0.16611230527883844,0.7088575999922306,0.07379689549935359,0.17822793572192872,0.6131509014310624,1.4296893785534321
ds007526,PD,9.5,0.422653290429849,0.3804912897706603,0.08053107048564695,0.32050001677242124,0.8082012740368203,1.7282980187298898
ds007526,PD,9.4,0.8065999411040021,0.258531220451761,0.09717133158532582,0.37919763072460744,0.8169301846278232,1.762286877601524
ds007526,PD,9.8,0.09260100966756124,0.733586650610727,0.06671226036408386,0.146978415914697,0.6271046064860087,1.5622438471933109
ds007526,PD,8.7,0.5495243599165767,0.42144907586162317,0.18759348512013785,0.18689154520742435,0.7181538155273506,1.8997128864392177
ds007526,PD,9.9,0.32498649473108937,0.546227531289644,0.10437557120813121,0.26994026357932566,0.7225319181023653,1.5678933176013192
ds007526,PD,8.2,0.4708419432743807,0.566765181827461,0.18132757729035828,0.10718403786962502,0.6169186192686631,1.8990559519060803
ds007526,PD,8.1,0.587155895985585,0.5082154186350734,0.17798714188151024,0.09732426531395816,0.5810424832228633,1.8278512352762457
ds007526,PD,8.7,0.28586658881825433,0.6214163881510044,0.09860365368375573,0.10539975193042134,0.6262488455359874,1.8667140403622535
ds007526,PD,9.7,0.5961707536480245,0.34996493426701797,0.12191661869882259,0.23893809404351934,0.7789309517049403,1.9579319853547519
ds007526,PD,9.2,0.6990153656241884,0.38917441459017477,0.15701496028155992,0.17159165213783806,0.7041918247383089,1.9302571878644952
ds007526,PD,9.3,0.39596316157198813,0.471806564304502,0.13549628895970106,0.2524009564594215,0.7576983287393199,1.819841099610466
ds007526,PD,8.5,0.6927743711727544,0.43309747862435966,0.1728593619201522,0.20687136523887867,0.7084643159245673,1.9339198436643588
ds007526,PD,8.9,3.340785286099169,0.10737857448928075,0.3380736472613065,0.15505313471482196,0.7266061758982021,2.393925698583778
ds007526,PD,10.1,0.5328495808053166,0.5712153625770082,0.16257142054625293,0.19876089142572123,0.7031406634374412,1.7881783824873674
ds007526,PD,8.8,0.8925859323222975,0.2823956303056361,0.1642239140207248,0.18965952528189797,0.7299029973825228,2.188052747815616
ds007526,PD,10.2,0.46285981048039343,0.2825565207253503,0.07535626451889528,0.3890067806666696,0.818594578619288,1.6843793070764659
ds007526,PD,9.5,0.37599802962690315,0.7175819204072807,0.22752648233666584,0.06791510141462918,0.6178380093836451,1.5774722939888224
ds007526,PD,10.5,0.1676923157070471,0.7257725516399091,0.09080896165000096,0.13269002964639465,0.6227727518943386,1.5129448786783526
ds007526,PD,8.9,0.32863079974689763,0.5455382685589616,0.16496699641192475,0.11236709829782779,0.6480276360558401,1.8728514287793918
ds007526,PD,9.2,0.3797393364125061,0.5006502641072905,0.0811734541659635,0.22630184118147706,0.7339860592997259,1.8757377451970934
ds007526,PD,10.1,0.4527366423691701,0.3040035667848789,0.12738219599606646,0.3820632973641699,0.7784814673541751,1.6933652227091003
ds007526,PD,8.0,1.0824427400575793,0.38510184382982066,0.35403745628299493,0.1314278239936913,0.5687483069738597,2.0106530463702352
ds007526,PD,9.9,0.4356047726649462,0.5443962802376385,0.06418685243249465,0.2687642492157738,0.730991357964688,1.6998673137171185
ds007526,PD,10.6,0.2715869235729508,0.640702544128351,0.10003483661281327,0.1571785159881495,0.6638286530139472,1.6842373438569336
ds007526,PD,9.3,0.709506509540643,0.33510405780657654,0.1345830967855004,0.183117679844135,0.6995578705804492,1.9935759660597623
ds007526,PD,9.7,0.21874281058245537,0.6262174326830158,0.08163282061484957,0.17379581749101353,0.6524946417078252,1.6752336270260169
ds007526,PD,10.2,0.27695878263929735,0.5747313831351818,0.10651298725090799,0.296213106849714,0.7217250530251385,1.5888271459355832
ds007526,PD,8.5,2.0478320203286846,0.13190678625829877,0.27124702110595744,0.08498075856281713,0.6125164210792454,2.98696716828948
ds007526,PD,8.2,0.7683054044310644,0.49502278918603504,0.24794446725037628,0.0689338697213414,0.5188287122868971,1.6614846618879933
ds007526,PD,9.5,0.12816034840985102,0.7610614118322374,0.07655546062105695,0.13458844093587108,0.5918012984643082,1.8328665589414197
ds007526,PD,9.0,0.23470657250858407,0.5664545180354562,0.08084841551815766,0.1908264941525201,0.6811731882812087,1.8873261683437446
ds007526,PD,8.850000000000001,1.095700950659165,0.32303098842631556,0.2985737059991943,0.18763872110729685,0.7201135699736858,2.0485547682416314
ds007526,PD,9.1,0.4312654121094287,0.434795665043512,0.16324699314647512,0.19759177038088285,0.7567938838038772,1.899966379683271
ds007526,PD,9.0,0.7816122171376154,0.19741837288108796,0.11411115350125718,0.33754016369460743,0.7486682692204409,2.2432971285495276
ds007526,PD,9.0,1.6959971792707345,0.12908808668802702,0.18066752859941076,0.16431476743704945,0.7093649458101206,2.492288079985432
ds007526,PD,8.6,0.8676466156442693,0.49421008778986564,0.17991347218712714,0.11961193160691452,0.6180747809389823,1.9981905247346905
ds007526,PD,10.5,0.3944236694538895,0.4870713048297464,0.10364777716351915,0.3090057605249394,0.7792889442720987,1.5645648647163002
ds007526,PD,9.0,0.4252010823109547,0.655753446806967,0.1571601273942992,0.11780996491355233,0.6343610901859538,1.8517517470757738
ds007526,PD,10.2,1.7798989861319519,0.13685354584680362,0.23419917470348336,0.25940125138410863,0.7427177554778528,2.3429569139085435
ds007526,PD,10.1,1.4438129199867924,0.11812697118020152,0.13014483292840826,0.5031377513436073,0.8335100366545398,1.5523798904567156
ds007526,PD,10.05,0.7502219105661403,0.15453686385303203,0.09564993387942418,0.6042928635286483,0.8420825665283793,1.4624036563405163
ds007526,PD,9.0,1.4889579919619869,0.3032920346311606,0.22409825870234018,0.10234466095564931,0.6803113061698545,2.3233331170146965
ds007526,PD,9.2,0.18661226740763903,0.6698565321819172,0.0635897543193561,0.10628292796421832,0.5897138716767174,1.9444341673666459
ds007526,PD,8.3,0.35173613987340546,0.5317711727982306,0.16536099410516386,0.11956585521079104,0.6386169648385704,2.0057228432323084
ds007526,PD,8.5,0.8990265790792676,0.37016584848267453,0.2819905574449221,0.23912701096839237,0.7103252390078654,1.8199224294103176
ds007526,PD,8.6,0.6897734669473933,0.38547568729696086,0.13562404952683627,0.19937039658999323,0.6856843794312024,2.0858534318358766
ds007526,PD,8.5,0.3629574394761256,0.5604179960386202,0.1724727189127841,0.19640793288423797,0.6480782009708137,1.8439068137530001
ds007526,PD,10.45,0.8494569078317191,0.11350424195531175,0.07740992088613866,0.31151429019173316,0.6927087696803249,2.62759561576946
ds007526,PD,9.5,0.3011439148900419,0.505381827210402,0.11608621553182538,0.1747382750506792,0.6991361716980165,1.8363672723886562
ds007526,PD,8.6,1.4526891722814128,0.21492522839405392,0.39538693781776507,0.05547152327043522,0.6180291025667521,1.9167908234538313
ds007526,PD,8.6,6.451260705265761,0.06294967063541501,0.35011465618031884,0.06862232174056021,0.6300944778504921,3.297059242938895
ds007526,PD,8.8,0.443763669077759,0.5711598496410286,0.15157847411037267,0.19265143266886284,0.6934528257654369,1.8444847817535233
ds007526,PD,9.3,0.5532068281128245,0.2535403021248897,0.0956852576180533,0.28467830411225326,0.7398419417828528,1.9547873138815615
ds007526,PD,10.2,0.29467083000522376,0.3896060825010152,0.10811872949853918,0.3653652798336844,0.8216177368812794,1.6509536604726365
ds007526,PD,9.2,0.4512041286172238,0.5692524360032094,0.19869789416896233,0.12209220846438613,0.6606324106123885,1.6522564490048768
ds007526,PD,8.5,1.1625247762987994,0.26009711062472485,0.2549738463023872,0.14811927786701215,0.6894561818263714,2.1461338194713946
ds007526,PD,8.45,2.7811587428827425,0.1497379434539816,0.269275924833862,0.15375113731308881,0.6597436889787986,2.3640537302953937
ds007526,PD,9.7,0.35815607755957507,0.4512061315604258,0.10119810129523796,0.26615065186492226,0.7603992043989639,1.822451733557792
ds007526,PD,8.3,3.4777369661064825,0.10154602118457604,0.29537300988255366,0.06321131248612674,0.6012434077699672,2.8927328851901417
ds007526,PD,8.8,0.8616514513538163,0.20055806957774608,0.1486804314503351,0.20370914232250453,0.7413436853357072,2.177951790847686
ds007526,PD,8.5,0.6062643920421772,0.4558256807535323,0.09821521108612878,0.19874816567056006,0.6849242869965421,2.0193412193685703
ds007526,PD,8.5,0.48342145567144534,0.5649699713245162,0.15642749899785052,0.14020456899564854,0.6475746640882236,1.9834487633142
ds007526,PD,9.4,3.651850326907722,0.12121185953948882,0.4138880215464349,0.17642294317734666,0.7078724603492024,2.3870836296300846
ds007526,PD,8.1,1.1942306814274244,0.3433108365140621,0.373865575714433,0.1330989281176595,0.6342437759184302,2.05298628999875
ds007526,PD,9.0,0.479506456470288,0.4073520370789499,0.13269177026241946,0.18235672986261525,0.738255277441483,1.8921559541078303
ds007526,PD,10.0,0.7233531461560053,0.31183609812443225,0.156902279524444,0.20377619508049266,0.7141515667838174,2.180066829277046
ds007526,PD,8.4,3.0767396161236134,0.30266881759606523,0.30391530144351225,0.11758917298391511,0.6727911134100248,1.9618294263262424
ds007526,PD,8.6,3.974582986104489,0.16406849896739412,0.3887405263810001,0.04340973472572329,0.6245380635161263,2.6924776014805785
ds007526,PD,8.7,0.259306617179004,0.5367571584655683,0.11568285352926898,0.12330220681265207,0.6228175210335009,2.404204052594111
ds007526,PD,10.7,0.1863925117519769,0.49902999476049176,0.08102710308677455,0.25734213933804656,0.7136183438411351,1.6742721582304818
ds007526,PD,8.2,1.428689927217917,0.22689914910096678,0.377707154148968,0.0989951391828848,0.6458004696804369,2.385526701169743
ds007526,PD,10.0,0.594463029533236,0.39723666182419937,0.09911479001581472,0.28794043607241193,0.755732893051334,1.8254159908436471
ds007526,PD,8.5,2.870225564763677,0.1577382732565107,0.27965817081902367,0.13260915380272453,0.6984240137634119,2.4802241933670754
ds007526,PD,8.0,0.8819867272959163,0.3482221364856314,0.24869284156834878,0.11715477555627449,0.6520744814334003,2.2054379847652736
ds007526,PD,8.5,0.8715941207634487,0.43754871403125917,0.176824388023396,0.08513639668432524,0.5929813371819093,2.3233441725008603
ds007526,PD,10.25,0.3383356947430521,0.6528257633649005,0.15349192923428717,0.13728700861619283,0.6739989554532592,1.6291426871487815
ds007526,PD,8.4,0.5921548975698867,0.5038259171945103,0.19184459088393457,0.14501045967914505,0.6507461917955235,2.036018555853853
ds007526,PD,8.4,0.3798541309956625,0.5547245815279759,0.14821338672663095,0.12121095866599423,0.5951957944865728,1.8115427844526077
ds007526,PD,8.5,1.7398733589626676,0.301012351057437,0.24120664743374787,0.16958712546826635,0.7026988196639561,2.15186299563008
ds007526,PD,8.6,0.5750053584327932,0.48821509588694884,0.20255731637248878,0.09942834510310694,0.6510199652188114,2.2086446820860903
ds007526,PD,9.2,0.6467306325611997,0.5485511767228867,0.1188206384889898,0.1882198756793182,0.710539510760223,1.8344950595828537
ds007526,PD,8.3,1.6743430236591716,0.21879644009590563,0.35643049900796264,0.12901593986421364,0.6802160698759346,2.335252949818453
ds007526,PD,9.9,0.5560209608809693,0.31181247438202636,0.10620459082733973,0.4282474620883635,0.8475922438771155,1.590505941047354
ds002778,HC,11.5,0.7360262216549801,0.2908680760984497,0.10239956609640805,0.32461436839272056,0.7573940533083596,1.7399593700745526
ds002778,HC,10.3,0.6340676786099576,0.18597507767845767,0.09829586136871941,0.4864395612182223,0.7935087481342549,1.610005451204941
ds002778,HC,9.1,0.39236439674326345,0.5014679744673657,0.0948032144971364,0.16513951378692268,0.6996206720065008,2.050109922423972
ds002778,HC,10.1,0.7654884337556029,0.17791663242258904,0.11465554543797236,0.3836164102030427,0.7533795877770968,2.030452648278232
ds002778,HC,9.5,2.355643912441872,0.14862908642216013,0.1966056455559277,0.2359661610684013,0.7572723724225001,2.2086084545658142
ds002778,HC,9.5,0.2732496204376316,0.6330657633635357,0.07687109652717347,0.14627449570085477,0.6517061112270066,1.8361074801410076
ds002778,HC,9.4,0.6626289741020825,0.40630735329971734,0.11357441371012816,0.24916928827488039,0.7537948519252944,1.9324622209584188
ds002778,HC,10.5,0.26213002852962414,0.6516249286320662,0.09648644150649684,0.1278648036329075,0.667559574330676,1.7795681844936546
ds002778,HC,10.0,0.4512816181118602,0.2928590879112247,0.09868277364164146,0.19883938060265077,0.717431217099141,2.1669763707971446
ds002778,HC,10.0,0.7882368578661149,0.09537183735169286,0.10203299319221805,0.21882507241995075,0.6799399640508519,2.5666454705875283
ds002778,HC,9.8,1.665163205643196,0.13695692910917967,0.13221628974542593,0.3564497520563925,0.7788631252910119,1.85432517177155
ds002778,HC,9.5,0.7001925192896225,0.22219403820052092,0.10146607865682851,0.17986525537103643,0.6844011229932585,2.4284132372524763
ds002778,HC,10.4,1.18910889642483,0.23231983074184923,0.08691609327441491,0.2790203547022234,0.7781067689640078,1.9878630691486803
ds002778,HC,9.5,0.5739374061633259,0.35682108245701755,0.2029950707912772,0.15942364154066432,0.7107793417293107,2.1139154458721827
ds002778,HC,9.649999999999999,0.9031182086611305,0.1915573217344819,0.0559310798893768,0.33748789105307864,0.8020150480014832,1.8959657067303877
ds002778,PD,10.2,0.6475622053965084,0.29286567960285337,0.1496688620641406,0.3648735748085733,0.7736584146640356,1.651225940150062
ds002778,PD,8.8,2.937121249228386,0.15658126592419752,0.320376653451531,0.11383157522175708,0.6831707605984143,2.566616380430159
ds002778,PD,9.1,1.0843781317300796,0.21548945073525747,0.14665699038553154,0.2945289848225832,0.795541957577904,1.8176608850561302
ds002778,PD,9.3,0.5346221257659922,0.4420124652718093,0.12311604857156827,0.21305931870074554,0.7494709039757055,1.8643627382969659
ds002778,PD,9.6,0.519753831846031,0.2737042091004166,0.11266475548318315,0.3476716846286717,0.8046398517755412,1.694161615851821
ds002778,PD,10.1,1.38956162139229,0.11848367068588432,0.09248561774388704,0.15052299933960292,0.6130244977945146,3.2941312058790864
ds002778,PD,10.149999999999999,0.8729969884979256,0.2337578165721338,0.1300167804601996,0.30316752498109234,0.7912279168717509,1.9607579692004493
ds002778,PD,9.5,0.4553361532057869,0.329471738226916,0.11084305568923056,0.23093632792579208,0.7354611237957177,2.0099554100328856
ds002778,PD,9.6,1.46753383708795,0.1460780110162183,0.15138111803067203,0.29613331828880396,0.7632804069506837,1.9675587354568171
ds002778,PD,8.8,1.2693749406787074,0.2283282890683162,0.20941758096194554,0.18144895443697312,0.7106043416682484,2.255725957714461
ds002778,PD,9.3,0.5023554826446452,0.405252321143856,0.1396877827678811,0.20032613135453048,0.7534849708266819,1.9743193421059462
ds002778,PD,9.9,1.610858905683812,0.13938719858551588,0.14570595400806174,0.22596748358928292,0.7165712910466127,2.394288591976591
ds002778,PD,8.9,0.5004666693015246,0.533720676907135,0.14304835551610237,0.1242453996922134,0.6693046991231417,1.915413292706024
ds002778,PD,10.0,0.4229611041641179,0.5963550108215077,0.12956012629329958,0.1509059655226369,0.6572056564509303,1.6962593908879375
ds002778,PD,9.8,1.5141762430842671,0.16226583007768178,0.17790164698716188,0.31374964896694035,0.7998834586606562,1.9151949607032268
